MP002XC01S9M;photo_type;New Object
MP002XC01S9N;photo_type;New Object
MP002XC01S9O;photo_type;New Object
MP002XC01S9P;photo_type;New Object
MP002XC01S9Q;photo_type;New Object
MP002XC01S9R;photo_type;New Object
MP002XC01S9S;photo_type;New Object
MP002XC01S9T;photo_type;New Object
MP002XC01S9U;photo_type;New Object
MP002XC01S9V;photo_type;New Object
MP002XC01S9W;photo_type;New Object
MP002XG04BDZ;photo_type;New Object
MP002XM0BLYC;photo_type;New Object
MP002XM0BLYD;photo_type;New Object
MP002XM0BLYE;photo_type;New Object
MP002XM0BLYF;photo_type;New Object
MP002XM0BLYG;photo_type;New Object
MP002XM0BLYH;photo_type;New Object
MP002XM0BLYI;photo_type;New Object
MP002XM0BLYJ;photo_type;New Object
MP002XM0BLYK;photo_type;New Object
MP002XM0BLYL;photo_type;New Object
MP002XM0BLYM;photo_type;New Object
MP002XM0BLYN;photo_type;New Object
MP002XM0BLYO;photo_type;New Object
MP002XM0BLYP;photo_type;New Object
MP002XM0BLYQ;photo_type;New Object
MP002XM0BLYR;photo_type;New Object
MP002XM0BLYS;photo_type;New Object
MP002XM0BLYT;photo_type;New Object
MP002XM0BLYU;photo_type;New Object
MP002XM0BLYV;photo_type;New Object
MP002XM0BLYW;photo_type;New Object
MP002XM0BLYX;photo_type;New Object
MP002XM0BLYY;photo_type;New Object
MP002XM0BLYZ;photo_type;New Object
MP002XM0BLZ0;photo_type;New Object
MP002XM0BLZ1;photo_type;New Object
MP002XU088LA;photo_type;New Object
MP002XU088LB;photo_type;New Object
MP002XW18A3U;photo_type;New Object
MP002XW18A3V;photo_type;New Object
MP002XW18A3W;photo_type;New Object
MP002XW18A8F;photo_type;New Object
MP002XW18AJG;photo_type;New Object
MP002XW18AU2;photo_type;New Object
MP002XW18AUG;photo_type;New Object
MP002XW18AUS;photo_type;New Object
MP002XW18AUU;photo_type;New Object
MP002XW18AUV;photo_type;New Object
MP002XW18AUW;photo_type;New Object
MP002XW18AUX;photo_type;New Object
MP002XW18AV0;photo_type;New Object
MP002XW18AV1;photo_type;New Object
MP002XW18AV2;photo_type;New Object
MP002XW18AV3;photo_type;New Object
MP002XW18AV4;photo_type;New Object
MP002XW18AV5;photo_type;New Object
MP002XW18AV7;photo_type;New Object
MP002XW18AV8;photo_type;New Object
MP002XW18AVA;photo_type;New Object
MP002XW18AVB;photo_type;New Object
MP002XW18AVF;photo_type;New Object
MP002XW18AVH;photo_type;New Object
MP002XW18AXQ;photo_type;New Object
MP002XW18AXS;photo_type;New Object
MP002XW18B5Q;photo_type;New Object
MP002XW18B5R;photo_type;New Object
MP002XW18B5X;photo_type;New Object
MP002XW18B61;photo_type;New Object
MP002XW18B62;photo_type;New Object
MP002XW18B63;photo_type;New Object
MP002XW18B64;photo_type;New Object
MP002XW18B65;photo_type;New Object
MP002XW18B66;photo_type;New Object
MP002XW18B67;photo_type;New Object
MP002XW18B68;photo_type;New Object
MP002XW18B69;photo_type;New Object
MP002XW18B6A;photo_type;New Object
MP002XW18B6B;photo_type;New Object
MP002XW18B6C;photo_type;New Object
MP002XW18B6D;photo_type;New Object
MP002XW18B6E;photo_type;New Object
MP002XW18B6F;photo_type;New Object
MP002XW18B6G;photo_type;New Object
MP002XW18B6H;photo_type;New Object
MP002XW18B6I;photo_type;New Object
MP002XW18B6J;photo_type;New Object
MP002XW18B6K;photo_type;New Object
MP002XW18B6L;photo_type;New Object
MP002XW18B6M;photo_type;New Object
MP002XW18B6N;photo_type;New Object
MP002XW18B6O;photo_type;New Object
MP002XW18B6P;photo_type;New Object
MP002XW18B6Q;photo_type;New Object
MP002XW18B6R;photo_type;New Object
MP002XW18B6S;photo_type;New Object
MP002XW18B6T;photo_type;New Object
MP002XW18B6U;photo_type;New Object
MP002XW18B6V;photo_type;New Object
MP002XW18B6W;photo_type;New Object
MP002XW18B6X;photo_type;New Object
MP002XW18B6Y;photo_type;New Object
MP002XW18B6Z;photo_type;New Object
MP002XW18B70;photo_type;New Object
MP002XW18B71;photo_type;New Object
MP002XW18B72;photo_type;New Object
MP002XW18B73;photo_type;New Object
MP002XW18B74;photo_type;New Object
MP002XW18B75;photo_type;New Object
MP002XW18B76;photo_type;New Object
MP002XW18B77;photo_type;New Object
RTLADI735002;photo_type;Sport Performance
RTLADS258602;photo_type;Outlet Premium
RTLADS258902;photo_type;Outlet Premium
RTLADS259302;photo_type;Outlet Premium
RTLADS259402;photo_type;Outlet Premium
RTLADS259502;photo_type;Outlet Premium
RTLADS259602;photo_type;Outlet Premium
RTLADS259802;photo_type;Outlet Premium
RTLADS259902;photo_type;Outlet Premium
RTLADS260002;photo_type;Outlet Premium
RTLADS260102;photo_type;Outlet Premium
RTLADS260202;photo_type;Outlet Premium
RTLADS260302;photo_type;Outlet Premium
RTLADS265602;photo_type;Outlet Premium
RTLADS265702;photo_type;Outlet Premium
RTLADS265802;photo_type;Outlet Premium
RTLADS265902;photo_type;Outlet Premium
RTLADS266002;photo_type;Outlet Premium
RTLADS266102;photo_type;Outlet Premium
RTLADS266202;photo_type;Outlet Premium
RTLADS266302;photo_type;Outlet Premium
RTLADS266402;photo_type;Outlet Premium
RTLADS266502;photo_type;Outlet Premium
RTLADS266602;photo_type;Outlet Premium
RTLADS266702;photo_type;Outlet Premium
RTLADS266802;photo_type;Outlet Premium
RTLADS267002;photo_type;Outlet Premium
RTLADS267202;photo_type;Outlet Premium
RTLADS267302;photo_type;Outlet Premium
RTLADS267402;photo_type;Outlet Premium
RTLADS267502;photo_type;Outlet Premium
RTLADS267602;photo_type;Outlet Premium
RTLADS267702;photo_type;Outlet Premium
RTLADS267802;photo_type;Outlet Premium
RTLADS267902;photo_type;Outlet Premium
RTLADS268002;photo_type;Outlet Premium
RTLADS268102;photo_type;Outlet Premium
RTLADS268202;photo_type;Outlet Premium
RTLADS268302;photo_type;Outlet Premium
RTLADS268402;photo_type;Outlet Premium
RTLADS268502;photo_type;Outlet Premium
RTLADS268902;photo_type;Outlet Premium
RTLADS271502;photo_type;Outlet Premium
RTLADS271702;photo_type;Outlet Premium
RTLADS271802;photo_type;Outlet Premium
RTLADS272102;photo_type;Outlet Premium
RTLADS272202;photo_type;Outlet Premium
RTLADS272302;photo_type;Outlet Premium
RTLADS272402;photo_type;Outlet Premium
RTLADS512402;photo_type;New Model
RTLADS512502;photo_type;New Model
RTLADS512802;photo_type;New Model
RTLADS512902;photo_type;New Model
RTLADT208502;photo_type;New Object
RTLADT208602;photo_type;New Object
RTLADT260901;photo_type;New Object
RTLADT261001;photo_type;New Object
RTLADT261101;photo_type;New Object
RTLADT261301;photo_type;New Object
RTLADT261401;photo_type;New Object
RTLADT261501;photo_type;New Object
RTLADT261601;photo_type;New Object
RTLADT261701;photo_type;New Object
RTLADT261801;photo_type;New Object
RTLADT261901;photo_type;New Object
RTLADT262001;photo_type;New Object
RTLADT262201;photo_type;New Object
RTLADT262301;photo_type;New Object
RTLADT262401;photo_type;New Object
RTLADT262501;photo_type;New Object
RTLADT262601;photo_type;New Object
RTLADT262701;photo_type;New Object
RTLADT262801;photo_type;New Object
RTLADT262901;photo_type;New Object
RTLADT263001;photo_type;New Object
RTLADT263101;photo_type;New Object
RTLADT263201;photo_type;New Object
RTLADT263301;photo_type;New Object
RTLADT263401;photo_type;New Object
RTLADT263501;photo_type;New Object
RTLADT263601;photo_type;New Object
RTLADT263701;photo_type;New Object
RTLADT263801;photo_type;New Object
RTLADT263901;photo_type;New Object
RTLADT264001;photo_type;New Object
RTLADT264101;photo_type;New Object
RTLADT264201;photo_type;New Object
RTLADT264301;photo_type;New Object
RTLADT264401;photo_type;New Object
RTLADT264501;photo_type;New Object
RTLADT266001;photo_type;New Object
RTLADT266101;photo_type;New Object
RTLADT266201;photo_type;New Object
RTLADT266301;photo_type;New Object
RTLADT266401;photo_type;New Object
RTLADT266501;photo_type;New Object
RTLADT266601;photo_type;New Object
RTLADT266701;photo_type;Sport Performance
RTLADT266801;photo_type;Sport Performance
RTLADT267001;photo_type;New Object|Sport Performance
RTLADT267101;photo_type;Sport Performance
RTLADT267401;photo_type;New Object
RTLADT273901;photo_type;New Model
RTLADT274001;photo_type;New Model
RTLADT274301;photo_type;Sport Performance
RTLADT274401;photo_type;Sport Performance
RTLADT291301;photo_type;New Object
RTLADT301101;photo_type;New Model
RTLADT301201;photo_type;New Model
RTLADT301301;photo_type;New Model
RTLADT301401;photo_type;New Model
RTLADT301501;photo_type;New Model
RTLADT301601;photo_type;New Object
RTLADT301901;photo_type;New Object
RTLADT302001;photo_type;New Object
RTLADT302101;photo_type;New Object
RTLADT302301;photo_type;New Object
RTLADT302401;photo_type;New Object
RTLADT302501;photo_type;New Model
RTLADT302901;photo_type;New Object
RTLADT303001;photo_type;New Model
RTLADT303101;photo_type;New Object
RTLADT329501;photo_type;New Object
RTLADT330101;photo_type;Sport Performance
RTLADT330201;photo_type;Sport Performance
RTLADT330301;photo_type;Sport Performance
RTLADT330501;photo_type;Sport Performance
RTLADT334601;photo_type;New Object
RTLADT334801;photo_type;New Object
RTLADT334901;photo_type;New Object
RTLADT335001;photo_type;New Object
RTLADT335101;photo_type;New Object
RTLADT335201;photo_type;New Object
RTLADT335301;photo_type;New Object
RTLADT335401;photo_type;New Object
RTLADT337801;photo_type;New Object
RTLADT337901;photo_type;New Object
RTLADT338001;photo_type;New Object
RTLADT338301;photo_type;New Object
